Included feature,Y,Y,Y,Y,Y,Y
Feature setting,auto,auto,auto,auto,auto,auto
Feature label,buying,maint,doors,persons,lug_boot,safety
unacc,vhigh,vhigh,3,more,small,low
unacc,vhigh,high,3,2,med,low
unacc,vhigh,med,3,2,small,low
acc,vhigh,med,3,more,med,med
acc,vhigh,med,4,4,med,med
good,low,low,4,4,med,med
vgood,low,low,4,4,big,high
unacc,vhigh,med,3,2,med,high
unacc,med,low,5more,4,big,low
unacc,low,vhigh,2,2,small,low
acc,vhigh,med,5more,4,big,med
unacc,low,vhigh,4,more,small,med
acc,med,low,4,4,small,med
unacc,vhigh,med,3,4,med,low
unacc,vhigh,low,3,2,small,med
unacc,low,vhigh,5more,more,small,med
unacc,low,high,3,2,big,med
unacc,high,vhigh,3,4,med,high
unacc,high,vhigh,3,more,big,low
unacc,low,high,5more,more,big,low
unacc,low,med,3,2,med,med
unacc,high,high,2,more,small,med
unacc,high,med,2,more,small,low
acc,high,med,5more,4,big,med
acc,med,vhigh,3,4,big,med
unacc,vhigh,vhigh,2,4,small,med
unacc,vhigh,vhigh,2,more,big,high
unacc,med,high,5more,4,small,med
unacc,vhigh,vhigh,4,more,small,low